Outcome_ID,Instance_ID,Category,Outcome_Description,Assessment_Method,Proficiency_Level,Industry_Alignment,AI_Component
LO001,PI001,Technical_Skills,"Design and implement advanced deep learning architectures using PyTorch","Project Implementation",Advanced,"ML Engineer; AI Researcher","Model Architecture Design"
LO002,PI001,Technical_Skills,"Optimize neural networks for production deployment","Performance Analysis",Advanced,"ML Engineer","Model Optimization"
LO003,PI001,Analysis,"Evaluate model performance using appropriate metrics","Technical Report",Advanced,"Data Scientist","Performance Analysis"
LO004,PI001,Professional,"Present technical findings to stakeholders","Presentation",Intermediate,"Project Manager","AI Project Communication"
LO005,PI002,Technical_Skills,"Develop smart contracts using blockchain technology","Code Implementation",Intermediate,"Blockchain Developer","Smart Contract Automation"
LO006,PI002,Analysis,"Analyze blockchain transaction patterns","Case Study",Intermediate,"Financial Analyst","Pattern Recognition"
LO007,PI003,Ethics,"Evaluate ethical implications of AI implementations","Position Paper",Basic,"Ethics Officer","AI Ethics Assessment"
LO008,PI003,Professional,"Develop ethical frameworks for AI governance","Group Project",Basic,"Policy Advisor","Ethics Framework"
LO009,PI004,Technical_Skills,"Program autonomous robotic systems","Lab Implementation",Advanced,"Robotics Engineer","Robot Control AI"
LO010,PI004,Integration,"Integrate sensors and control systems","Project Demo",Advanced,"Systems Engineer","Sensor Integration"
LO011,PI005,Technical_Skills,"Apply AI models to healthcare data","Case Analysis",Advanced,"Healthcare Analyst","Medical AI Applications"
LO012,PI005,Compliance,"Ensure HIPAA compliance in AI implementations","Compliance Report",Intermediate,"Compliance Officer","Privacy Protection"
LO013,PI006,Research,"Design bioinformatics experiments","Research Project",Advanced,"Research Scientist","Experimental Design"
LO014,PI006,Analysis,"Analyze genomic data using AI tools","Data Analysis",Advanced,"Bioinformatician","Genomic Analysis"
LO015,PI007,Creative,"Create AI-enhanced media content","Portfolio",Intermediate,"Media Producer","Content Generation"
LO016,PI007,Technical_Skills,"Implement media analytics pipelines","Project",Intermediate,"Analytics Engineer","Media Analysis"
LO017,PI008,Design,"Develop AI-assisted design solutions","Design Portfolio",Advanced,"Design Engineer","Generative Design"
LO018,PI008,Integration,"Integrate AI tools into design workflow","Workflow Demo",Intermediate,"Product Designer","Tool Integration"
LO019,PI009,Research,"Apply computational methods to social science","Research Paper",Advanced,"Social Researcher","Social Data Analysis"
LO020,PI009,Analysis,"Analyze social networks using AI","Project",Advanced,"Data Scientist","Network Analysis"
LO021,PI010,Technical_Skills,"Implement smart agriculture systems","Field Project",Intermediate,"AgTech Engineer","Agricultural AI"
LO022,PI010,Integration,"Connect IoT sensors with AI systems","System Demo",Intermediate,"Systems Engineer","Sensor Integration"
LO023,PI011,Planning,"Design AI-enhanced urban solutions","Urban Plan",Advanced,"Urban Planner","Urban Analytics"
LO024,PI011,Analysis,"Analyze urban data patterns","Case Study",Intermediate,"Data Analyst","Pattern Recognition"
LO025,PI012,Education,"Design adaptive learning systems","System Design",Advanced,"Educational Technologist","Learning Analytics"
LO026,PI012,Assessment,"Implement AI-based assessment tools","Tool Implementation",Advanced,"Education Specialist","Assessment AI"
LO027,PI013,Analysis,"Analyze customer experience patterns","Analytics Report",Intermediate,"Experience Analyst","Pattern Analysis"
LO028,PI013,Design,"Design AI-enhanced customer experiences","Experience Design",Advanced,"Experience Designer","Experience Optimization"
LO029,PI014,Technical_Skills,"Apply digital preservation techniques","Project",Intermediate,"Digital Preservationist","Preservation AI"
LO030,PI014,Documentation,"Implement AI-powered archival systems","System Implementation",Advanced,"Digital Archivist","Archival AI"
LO031,PI015,Legal,"Develop AI-enabled legal services","Service Design",Advanced,"Legal Tech Specialist","Legal AI Services"
LO032,PI015,Analysis,"Analyze legal document patterns","Case Analysis",Intermediate,"Legal Analyst","Document Analysis"
LO033,PI016,Technical_Skills,"Implement advanced computer vision systems","Project Implementation",Advanced,"Computer Vision Engineer","Vision AI Development"
LO034,PI016,Research,"Develop novel vision algorithms","Research Paper",Advanced,"AI Researcher","Algorithm Design"
LO035,PI017,Technical_Skills,"Design IoT edge computing solutions","System Design",Advanced,"IoT Engineer","Edge AI Implementation"
LO036,PI017,Integration,"Implement edge AI applications","Project Demo",Advanced,"Systems Engineer","Edge Computing"
LO037,PI018,Analysis,"Apply AI to financial market analysis","Market Analysis",Advanced,"Financial Analyst","Financial AI"
LO038,PI018,Technical_Skills,"Develop automated trading systems","System Implementation",Advanced,"Quant Developer","Trading Algorithms"
LO039,PI019,Policy,"Develop AI policy frameworks","Policy Paper",Basic,"Policy Analyst","Policy Development"
LO040,PI019,Analysis,"Evaluate AI policy impacts","Impact Assessment",Intermediate,"Policy Researcher","Policy Analysis"
LO041,PI020,Medical,"Apply AI to medical image analysis","Clinical Project",Advanced,"Medical AI Specialist","Medical Imaging AI"
LO042,PI020,Research,"Develop medical AI algorithms","Research Paper",Advanced,"Medical Researcher","Algorithm Development"
LO043,PI021,Environmental,"Apply AI to environmental data","Field Project",Advanced,"Environmental Scientist","Environmental AI"
LO044,PI021,Analysis,"Analyze climate patterns using AI","Data Analysis",Advanced,"Climate Analyst","Pattern Analysis"
LO045,PI022,Creative,"Create AI-generated content","Portfolio",Advanced,"Content Creator","Content Generation"
LO046,PI022,Technical_Skills,"Implement content generation systems","System Implementation",Advanced,"AI Developer","Generation Systems"
LO047,PI023,Creative,"Develop generative art systems","Art Portfolio",Advanced,"Digital Artist","Generative AI"
LO048,PI023,Technical_Skills,"Implement creative AI tools","Tool Development",Advanced,"Creative Technologist","Creative AI"
LO049,PI024,Policy,"Apply AI to policy analysis","Policy Analysis",Intermediate,"Policy Analyst","Policy AI"
LO050,PI024,Research,"Evaluate policy impacts using AI","Research Paper",Advanced,"Policy Researcher","Impact Analysis"
LO051,PI025,Agricultural,"Implement precision farming systems","Field Implementation",Advanced,"Agriculture Engineer","Agricultural AI"
LO052,PI025,Analysis,"Analyze crop data using AI","Data Analysis",Advanced,"Agricultural Analyst","Crop Analysis"
LO053,PI026,Urban,"Design smart city systems","City Planning",Advanced,"Urban Planner","Smart City AI"
LO054,PI026,Analysis,"Analyze urban patterns using AI","Pattern Analysis",Advanced,"Urban Analyst","Urban Analytics"
LO055,PI027,Education,"Develop special education AI tools","Tool Development",Intermediate,"Education Specialist","Educational AI"
LO056,PI027,Assessment,"Implement adaptive assessment systems","System Implementation",Advanced,"Assessment Specialist","Adaptive Testing"
LO057,PI028,Hospitality,"Design AI-powered guest experiences","Experience Design",Advanced,"Hospitality Manager","Guest Experience AI"
LO058,PI028,Analysis,"Analyze guest behavior patterns","Data Analysis",Advanced,"Experience Analyst","Behavioral Analytics"
LO059,PI029,Archaeological,"Apply AI to archaeological research","Research Project",Advanced,"Archaeological Researcher","Archaeological AI"
LO060,PI029,Technical_Skills,"Implement AI-powered site analysis","Field Implementation",Advanced,"Technical Archaeologist","Site Analysis AI"
LO061,PI030,Legal,"Develop legal document analysis systems","System Implementation",Advanced,"Legal Tech Developer","Document Analysis AI"
LO062,PI030,Analysis,"Implement legal AI workflows","Workflow Implementation",Advanced,"Legal Process Analyst","Legal Workflow AI"